artifact,sha256
ConvNeXtTiny_madurez_mango.architecture.json,4fd7280b7ff871ed939cb7c25c760c8ca06dbb3cb75c456ad9adf1560ee243c9
ConvNeXtTiny_madurez_mango.config.json,7f7e4d982a5feee463e8dd5850d8bcbc40d8172795ba2f47cb40042ce0d977a6
ConvNeXtTiny_madurez_mango.summary.txt,4306c5d5639256845eeff6c077191fec7ce89df691df59779eb95554df986676
ConvNeXtTiny_madurez_mango_final.keras,0d8999bca98147c8bfe2741b27add98cff2ded70f0bd44c1fd2252117113a405
ConvNeXtTiny_madurez_mango_final.weights.h5,ba446e41d93fa7162ffa20b97ba361274ceb2742dea841dd5e2b974c5b7ddd55
ConvNeXtTiny_saved_model/fingerprint.pb,4ca645907505b627bfc2dcee07c3a66c882b8d47fcd51e64896f7ff21d8452eb
ConvNeXtTiny_saved_model/saved_model.pb,58cd10cd90dc431275a2b0d4cf5e0aff5ecde7323267fae5ec9757ff83b267af
ConvNeXtTiny_saved_model/variables/variables.data-00000-of-00001,955d5cad40f8855c64eb9dc144845cd33e8088fb229820f074d993f2facbbd6c
ConvNeXtTiny_saved_model/variables/variables.index,30cc22659597c198e0b9b59305efd70a3fb6920ee5139c75109d45f85e204d4e
errores_exportacion.json,59b6163fd4fc9c0787445ba599ae733ffa5b5e6bffb87a7ae25b69bec8445484
verificacion_recarga_modelo.json,9f64e7668ae973c22034ada0d140336eae7c90045d968392636805e9742a563a
